"Set_Name","price","Size","Pieces","Pages","Minifigures","Unique_Pieces","weight"
"Extra Dots - Series 2",3.99,"Small",109,0,0,6,NA
"Extra Dots - Series 1",3.99,"Small",109,0,0,6,NA
"Creative Blue Bricks",4.99,"Small",52,37,0,28,NA
"Creative Green Bricks",4.99,"Small",60,37,0,36,NA
"Funky Animals Bracelet",4.99,"Small",33,0,0,10,NA
"Sparkly Unicorn Bracelet",4.99,"Small",33,0,0,9,NA
"Cosmic Wonder Bracelet",4.99,"Small",33,0,0,9,NA
"Go Team! Bracelet",4.99,"Small",33,0,0,12,NA
"Love Birds Bracelet",4.99,"Small",33,0,0,10,NA
"Magic Forest Bracelet",4.99,"Small",33,0,0,9,NA
"Power Bracelet",4.99,"Small",33,0,0,12,NA
"Fire Truck",6.99,"Large",6,3,0,6,0.15
"Tow Truck",6.99,"Large",7,3,0,7,NA
"Stephanie's Summer Heart Box",7.99,"Small",95,40,1,52,NA
"White Baseplate",7.99,"Small",1,1,0,1,NA
"My First Tow Truck",9.99,"Large",11,10,0,10,0.26
"Woody & RC",9.99,"Small",69,28,1,36,NA
"Mia's Summer Heart Box",7.99,"Small",85,36,1,41,NA
"Olivia's Summer Heart Box",7.99,"Small",93,40,2,48,NA
"Police Patrol Car",9.99,"Small",92,36,1,52,0.15
"Prince Puppycorn Trike",9.99,"Small",101,56,3,65,0.15
"Kai Avatar - Arcade Pod",9.99,"Small",49,3,2,31,NA
"Jay Avatar - Arcade Pod",9.99,"Small",47,3,2,28,NA
"My First Minnie Build",9.99,"Small",10,10,0,9,0.25
"Police Bike",9.99,"Large",8,10,1,7,0.18
"Pizza Stand",9.99,"Large",18,12,1,15,NA
"Emma's Mobile Veterinary Clinic",9.99,"Small",50,28,1,35,0.1
"Barbecue Burn Out",9.99,"Small",64,28,2,45,0.13
"Monster Truck",9.99,"Small",55,32,1,34,0.14
"Jet Patrol",9.99,"Small",54,36,2,45,0.14
"Construction Loader",9.99,"Small",88,36,1,50,0.16
"Stunt Team",9.99,"Small",62,36,2,34,0.1
"Cole's Speeder Car",9.99,"Small",52,36,2,32,NA
"Ice Cream Cart",9.99,"Small",97,40,1,60,NA
"Puppy Playground",9.99,"Small",57,40,1,41,NA
"Police Dog Unit",9.99,"Small",67,40,2,48,0.12
"Resistance Y-wing Microfighter",9.99,"Small",86,40,1,44,NA
"Street Sweeper",9.99,"Small",89,48,1,55,0.14
"Mail Plane",9.99,"Small",74,52,1,55,0.15
"Satellite Service Mission",9.99,"Small",84,56,1,52,0.15
"Forest Fire",9.99,"Small",84,56,1,49,0.13
"Jungle Raider",9.99,"Small",127,60,1,61,NA
"Unikitty Cloud Car",9.99,"Small",126,60,3,83,0.14
"My First Race Car",4.99,"Large",6,9,0,6,0.13
"Ocean Mini-Submarine",9.99,"Small",41,37,1,30,0.13
"Olivia's Flower Garden",9.99,"Small",92,48,2,61,NA
"Aurora's Royal Carriage",9.99,"Small",62,28,1,35,NA
"Lloyd Avatar - Arcade Pod",9.99,"Small",48,3,2,28,NA
"Moana's Ocean Adventure",9.99,"Small",46,36,1,39,NA
"The Taiga Adventure",9.99,"Small",74,40,2,48,NA
"Kylo Ren's Shuttle Microfighter",9.99,"Small",72,40,1,40,NA
"Thanos Mech",9.99,"Small",152,56,1,62,NA
"Iron Man Mech",9.99,"Small",148,64,1,61,NA
"Spider-Man Mech",9.99,"Small",152,68,1,62,NA
"Propeller Plane",9.99,"Small",128,112,0,50,NA
"Sports Car",9.99,"Small",134,120,0,60,NA
"Batboat The Penguin Pursuit!",9.99,"Small",54,44,2,41,NA
"Bricks and Ideas",9.99,"Small",123,42,0,59,0.17
"Mighty Micros: Scarlet Spider vs. Sandman",9.99,"Small",89,7,2,49,NA
"Farm Animals",9.99,"Large",16,8,0,13,NA
"My First Mickey Build",9.99,"Small",9,10,0,8,0.24
"Arctic Exploration Team",9.99,"Small",70,28,3,47,0.12
"BigFig Pig with Baby Zombie",14.99,"Small",159,40,0,47,NA
"Dune Buggy",12.99,"Small",147,120,0,65,0.25
"BigFig Creeper and Ocelot",14.99,"Small",184,48,0,65,NA
"Monster Truck",14.99,"Small",163,136,0,54,NA
"Curves & Crossroad",14.99,"Small",2,0,0,2,0.2
"Unikitty's Sweetest Friends EVER!",9.99,"Small",76,36,3,50,0.08
"Olivia's Heart Box",7.99,"Small",85,32,2,38,0.14
"Buggy",12.99,"Small",117,48,0,47,NA
"Chevrolet Camaro ZL1 Race Car",14.99,"Small",198,60,1,81,0.23
"McLaren Senna",14.99,"Small",219,64,1,92,0.25
"Futuristic Flyer",14.99,"Small",157,136,0,65,0.27
"Deep Sea Creatures",14.99,"Small",230,176,0,83,0.31
"Gamora",9.99,"Small",136,48,0,51,NA
"Mini CLAAS XERION",12.99,"Small",130,56,0,45,NA
"1974 Porsche 911 Turbo 3.0",14.99,"Small",180,80,1,75,NA
"Sith Troopers Battle Pack",14.99,"Small",105,40,3,51,NA
"Mandalorian Battle Pack",14.99,"Small",102,44,4,59,NA
"Blue Baseplate",7.99,"Small",1,0,0,1,0.1
"Playroom",14.99,"Large",17,2,2,16,NA
"Straight & T-Junction",14.99,"Small",2,0,0,2,0.2
"Death Star Cannon",19.99,"Small",159,80,2,79,NA
"Rainbow Fun",4.99,"Small",85,37,0,42,NA
"Han Solo",9.99,"Small",141,44,0,51,NA
"Mighty Micros: Supergirl vs. Brainiac",9.99,NA,80,7,2,50,NA
"Arctic Ice Glider",6.99,"Small",50,28,1,30,0.08
"Olaf",14.99,"Small",122,52,0,61,NA
"Switch Tracks",15.99,"Small",8,0,0,4,0.28
"Spinjitzu Slam - Jay",9.99,"Small",72,44,1,37,NA
"Cat Mario Power-Up Pack",9.99,"Small",11,0,0,9,NA
"Emma's Summer Heart Box",7.99,"Small",86,36,1,45,NA
"Rainbow Jewellery Stand",14.99,"Small",213,4,0,42,NA
"Bedroom",14.99,"Large",16,2,2,16,NA
"Animal Picture Holders",14.99,"Small",423,4,0,54,NA
"Stephanie's Heart Box",7.99,"Small",85,32,1,36,0.13
"Andrea's Summer Heart Box",7.99,"Small",83,36,1,46,NA
"Cole - Dragon Master",14.99,"Small",92,48,1,54,NA
"The Samurai Mech",14.99,"Small",154,48,3,71,0.16
"Introducing Queen Watevra Wa'Nabi",19.99,"Small",115,48,4,82,0.24
"Ferrari F40 Competizione",14.99,"Small",198,56,1,72,0.22
"Helicopter Adventure",9.99,"Small",114,92,0,68,0.19
"Spinjitzu Slam - Lloyd",9.99,"Small",70,44,1,34,NA
"Mia's Play Cube - Cinema",9.99,"Small",37,5,1,31,NA
"Fire Mario Power-Up Pack",9.99,"Small",11,0,0,9,NA
"Monastery Training",9.99,"Small",122,40,2,65,0.13
"Systar Party Crew",19.99,"Small",196,80,2,104,NA
"Party Time",19.99,"Small",214,80,4,119,0.27
"Mulan's Storybook Adventures",19.99,"Small",124,3,3,72,NA
"Toy Story Train",19.99,"Small",21,8,2,19,NA
"Creative Suitcase",19.99,"Small",213,36,0,89,0.84
"Carnival Thrill Coaster",19.99,"Small",98,44,2,56,NA
"Expecto Patronum",19.99,"Small",121,48,3,55,NA
"Vulture's Trucker Robbery",19.99,"Small",93,48,3,62,NA
"Captain America: Outriders Attack",19.99,"Small",167,52,3,75,NA
"Cole's Dirt Bike",19.99,"Small",212,56,3,97,NA
"The Rise of Voldemort",19.99,"Small",184,56,6,102,NA
"Mia's Foal Stable",19.99,"Small",118,64,1,66,0.29
"Welcome to the Hidden Side",19.99,"Small",189,68,4,103,NA
"The Chicken Coop",19.99,"Small",198,72,1,90,0.36
"The End Battle",19.99,"Small",222,72,2,91,0.38
"Construction Bulldozer",19.99,"Small",126,84,2,81,0.35
"Avengers Speeder Bike Attack",19.99,"Small",226,104,3,97,NA
"My First Ladybird",4.99,"Large",6,9,0,5,NA
"My First Car Creations",19.99,"Large",34,10,0,31,0.64
"Snow Groomer",19.99,"Small",197,60,2,81,0.39
"Anna's Canoe Expedition",19.99,"Small",108,64,2,61,NA
"Diving Yacht",19.99,"Small",148,64,2,81,0.34
"Emmet's Thricycle!",14.99,"Small",174,84,1,100,0.25
"Garbage Truck",19.99,"Small",90,40,2,52,0.31
"Anna and Elsa's Storybook Adventures",19.99,"Small",133,3,4,71,NA
"Ariel's Storybook Adventures",19.99,"Small",105,3,3,61,NA
"Belle's Storybook Adventures",19.99,"Small",111,3,5,71,NA
"Aquaman",9.99,"Small",135,36,0,40,NA
"Mountain Fugitives",9.99,"Small",88,36,4,61,NA
"Jasmine's Petite Tower",9.99,"Small",49,24,1,35,0.09
"Poppy's Pod",19.99,"Small",103,68,1,70,NA
"Techno Reef Dance Party",19.99,"Small",173,72,1,85,NA
"The Zombie Cave",19.99,"Small",241,84,3,88,0.39
"Emma's Play Cube - Toy Store",9.99,"Small",49,5,1,42,NA
"Mighty Micros: Batman vs. Harley Quinn",9.99,NA,86,7,2,54,NA
"Andrea's Heart Box",7.99,"Small",84,32,1,38,0.14
"Speed Record Car",9.99,"Small",78,40,1,47,NA
"Jack's Beach Buggy",19.99,"Small",170,56,3,98,NA
"The Wool Farm",19.99,"Small",260,80,1,81,NA
"Duel on Mustafar",19.99,"Small",208,80,2,84,NA
"Rex's Rex-treme Offroader!",29.99,"Small",236,132,2,109,0.44
"Rocket Truck",19.99,"Small",198,148,0,90,NA
"Imperial Patrol Battle Pack",14.99,"Small",99,36,3,43,NA
"The Panda Nursery",19.99,"Small",204,48,1,76,NA
"Police Pursuit",19.99,"Small",120,114,0,39,0.29
"Builder Mario Power-Up Pack",9.99,"Small",10,0,0,8,NA
"Good Morning Sparkle Babies!",9.99,"Small",50,32,4,44,NA
"Unstoppable Bike Chase",19.99,"Small",136,60,3,79,NA
"Ice-Cream Truck",19.99,"Small",200,100,2,112,0.37
"Emma's Heart Box",7.99,"Small",85,32,1,38,0.14
"Mulan's Training Day",14.99,"Small",104,36,1,62,NA
"Elsa and Olaf's Tea Party",19.99,"Large",17,12,2,13,NA
"Olivia's Play Cube - Researcher",9.99,"Small",40,5,1,34,NA
"Mia's Play Cube - Veterinarian",9.99,"Small",40,5,1,32,NA
"Emma's Play Cube - Photographer",9.99,"Small",36,5,1,31,NA
"Basic Brick Set",19.99,"Small",300,66,0,93,0.44
"Underwater Robot",19.99,"Small",207,140,0,81,0.36
"Sunset Track Racer",19.99,"Small",221,144,0,81,0.38
"Andrea's Car & Stage",19.99,"Small",240,68,2,116,NA
"Heart Box",19.99,"Large",80,2,0,39,NA
"Submarine Adventure",19.99,"Large",24,8,2,22,NA
"Fire Truck",19.99,"Large",21,10,2,16,0.45
"Minnie's Birthday Party",19.99,"Small",21,12,1,18,0.36
"Train Tracks",19.99,"Large",23,16,0,9,0.66
"Spinjitzu Zane",9.99,"Small",109,32,1,21,0.13
"Juice Truck",19.99,"Small",103,52,2,75,NA
"Kai's Fire Dragon",19.99,"Small",81,60,2,48,NA
"Safari Off-Roader",19.99,"Small",168,76,2,86,0.34
"Heartlake City Hair Salon",19.99,"Small",235,84,2,138,NA
"T-16 Skyhopper vs Bantha Microfighters",19.99,"Small",198,84,2,100,NA
"Kai's Mech Jet",19.99,"Small",217,116,2,94,NA
"Tracks",19.99,"Small",20,0,0,3,0.32
"Naboo Starfighter Microfighter",9.99,"Small",62,36,1,42,0.08
"Spinjitzu Slam - Zane",9.99,"Small",63,40,1,37,NA
"Stephanie's Play Cube - Baker",9.99,"Small",44,5,1,37,NA
"Mia's Heart Box",7.99,"Small",83,32,1,38,0.14
"Olivia's Play Cube - Sweet Shop",9.99,"Small",47,5,1,40,NA
"Desert Rally Racer",9.99,"Small",75,36,1,45,0.16
"Race Truck",19.99,"Small",227,35,0,59,NA
"Hook Loader",14.99,"Small",176,104,0,48,0.27
"Andrea's Play Cube - Singer",9.99,"Small",49,5,1,32,NA
"Rapunzel's Small Tower",9.99,"Small",44,24,1,28,0.09
"Mia's Forest Adventures",14.99,"Small",134,44,1,77,0.15
"Nissan GT-R NISMO",19.99,"Small",298,80,1,101,NA
"Cyborg",9.99,"Small",108,32,0,48,NA
"Cole - Spinjitzu Master",9.99,"Small",73,32,1,40,NA
"Zane - Dragon Master",14.99,"Small",92,48,1,54,NA
"Extreme Engines",9.99,"Small",109,76,0,53,0.19
"Mighty Micros: Star-Lord vs. Nebula",9.99,"Small",86,7,2,45,NA
"My First Fun Puzzle",19.99,"Large",15,9,0,15,NA
"Fire Dragon",19.99,"Small",234,132,0,80,NA
"Zane - Spinjitzu Master",9.99,"Small",69,32,1,38,NA
"Andrea's Play Cube - Pet Shop",9.99,"Small",40,5,1,33,NA
"Bubbles Playground Showdown",19.99,"Small",144,48,3,92,0.23
"Benny's Space Squad",9.99,"Small",68,32,5,53,0.09
"Drone Explorer",9.99,"Small",109,80,0,56,0.17
"Lloyd's Journey",14.99,"Small",81,36,2,50,NA
"Olivia's Hamster Playground",9.99,"Small",81,40,1,52,0.1
"Desk Organiser",19.99,"Small",405,4,0,44,NA
"Elsa",9.99,"Small",130,44,0,48,NA
"Snowspeeder",19.99,"Small",91,56,2,64,NA
"Hogwarts Room of Requirement",19.99,"Small",193,60,4,90,NA
"Dr. Wu's Lab: Baby Dinosaurs Breakout",19.99,"Small",164,64,2,100,NA
"Heartlake City Park Café",19.99,"Small",224,72,2,117,NA
"Spider-Man vs. Doc Ock",19.99,"Small",234,72,3,80,NA
"Ferrari F8 Tributo",19.99,"Small",275,72,1,92,0.32
"1985 Audi Sport Quattro S1",19.99,"Small",250,76,1,102,NA
"Bricks and Houses",19.99,"Small",270,77,0,121,NA
"The Mandalorian & The Child",19.99,"Small",295,88,0,123,NA
"Desert Pokey",19.99,"Small",180,0,2,70,NA
"Emmet and Benny's 'Build and Fix' Workshop!",19.99,"Small",117,48,2,73,0.34
"Jewellery Box",19.99,"Small",374,3,0,35,NA
"Pineapple Pencil Holder",19.99,"Small",351,4,0,39,NA
"Duke Caboom's Stunt Show",19.99,"Small",120,48,2,62,NA
"Golden Dragon Master",14.99,"Small",92,48,1,54,NA
"Grindelwald's Escape",19.99,NA,132,48,2,68,0.24
"J.B.'s Submarine",19.99,"Small",224,64,3,120,NA
"Battle-Ready Batman and MetalBeard",19.99,"Small",168,64,2,98,0.24
"Baby Elephant Jungle Rescue",19.99,"Small",203,68,2,111,NA
"Dragster",19.99,"Small",225,80,0,68,NA
"Wrecking Ball",19.99,"Small",227,84,1,78,NA
"Getaway Truck",19.99,"Small",128,110,0,33,0.31
"Whomp's Lava Trouble",19.99,"Small",133,0,2,56,NA
"Kai - Dragon Master",14.99,"Small",92,48,1,53,NA
"Rey",9.99,"Small",119,36,0,50,NA
"Batman vs. The Riddler Robbery",9.99,"Small",59,36,2,44,NA
"World Fun",19.99,"Small",295,53,2,149,NA
"Baby Animals",9.99,"Large",9,8,0,9,NA
"Mining Power Splitter",19.99,"Small",127,60,1,85,0.26
"Buzz and Bo Peep's Playground Adventure",24.99,"Small",139,48,3,85,NA
"Tracer vs. Widowmaker",14.99,"Small",129,48,2,74,0.19
"Spinjitzu Slam - Kai vs. Samurai",19.99,"Small",164,76,2,67,NA
"Outrider Dropship Attack",14.99,"Small",124,52,3,63,0.18
"Han Solo",24.99,"Small",101,44,0,55,NA
"Shuttle Transporter",24.99,"Small",341,268,0,122,0.51
"Alphabet Truck",24.99,"Large",36,1,2,35,NA
"Train Bridge and Tracks",24.99,"Large",26,16,1,10,0.88
"Mining Team",9.99,"Small",82,32,4,64,0.13
"Elsa's Market Adventure",19.99,"Small",125,48,2,78,0.22
"Drone Chase",29.99,"Small",192,100,3,112,0.35
"Jay - Dragon Master",14.99,"Small",92,48,1,53,NA
"Airport",24.99,"Large",29,20,3,24,0.66
"Minecraft Alex BigFig with Chicken",14.99,"Small",160,40,0,70,0.17
"Cherry Picker",9.99,"Small",155,40,0,51,0.16
"Molten Man Battle",29.99,"Small",294,76,3,117,NA
"Spider-Man Car Chase",9.99,"Small",52,36,2,38,0.16
"Mighty Micros: Nightwing vs. The Joker",9.99,NA,84,7,2,53,NA
"J.B.'s Ghost Lab",19.99,"Small",174,64,3,104,NA
"Hoth Generator Attack",29.99,"Small",235,68,2,101,NA
"Kylo Ren",9.99,"Small",130,40,0,50,NA
"Kayak Adventure",9.99,"Small",84,36,1,48,0.15
"Plane",9.99,"Large",12,10,1,11,NA
"Airshow Jet",9.99,"Small",87,56,1,53,NA
"Sith Infiltrator Microfighter",9.99,"Small",92,40,1,45,0.1
"Star-Lord",9.99,"Small",113,40,0,51,NA
"Dock Side Fire",19.99,"Small",97,48,2,63,0.25
"Graveyard Mystery",29.99,"Small",335,112,4,160,NA
"Fire Helicopter Response",29.99,"Small",93,44,3,61,0.25
"Hungarian Horntail Triwizard Challenge",29.99,"Small",265,52,4,101,NA
"Elsa and the Reindeer Carriage",29.99,"Small",116,72,1,78,NA
"Racing Cars",29.99,"Small",190,84,2,101,0.34
"Ultrakatty & Warrior Lucy!",29.99,"Small",348,92,2,119,0.41
"Lonesome Flats Raft Adventure",29.99,"Small",159,100,3,110,NA
"Cinderella's Castle Celebration",29.99,"Small",168,100,1,96,NA
"Wrecked Shrimp Boat",29.99,"Small",310,108,4,150,NA
"Jay and Lloyd's Velocity Racers",29.99,"Small",322,148,3,142,NA
"Underwater Loop",29.99,"Small",389,76,2,165,NA
"Fire Chief Response Truck",29.99,"Small",201,84,2,98,0.38
"Windows of Creativity",29.99,"Small",450,85,0,153,NA
"Rover Testing Drive",29.99,"Small",202,96,2,98,0.36
"Shuricopter",29.99,"Small",361,100,3,163,NA
"The Blaze Bridge",29.99,"Small",372,108,3,127,NA
"2018 Dodge Challenger SRT Demon and 1970 Dodge Charger R/T",29.99,"Small",478,124,3,159,0.54
"Hanzo vs. Genji",19.99,"Small",197,60,3,84,0.3
"Resistance A-wing Starfighter",29.99,"Small",269,84,2,112,NA
"Mia's Organic Food Market",19.99,"Small",115,56,1,70,NA
"Poppy's Air Balloon Adventure",29.99,"Small",250,68,3,121,NA
"Bracelet Mega Pack",24.99,"Small",300,2,0,39,NA
"First Order TIE Fighter Microfighter",9.99,"Small",91,40,1,47,0.11
"Nya - Spinjitzu Master",9.99,"Small",69,32,1,43,NA
"Pteranodon Escape",19.99,"Small",84,56,2,60,0.27
"The Pillager Outpost",29.99,"Small",303,68,3,94,NA
"The Menace of Mysterio",29.99,"Small",163,128,3,97,NA
"Minecraft Skeleton BigFig with Magma Cube",14.99,"Small",142,40,0,56,0.17
"Monster Truck",19.99,"Small",192,76,1,76,0.38
"Brick Box",29.99,"Large",65,20,2,46,NA
"Police Highway Arrest",29.99,"Small",185,108,2,98,0.33
"My First Animal Brick Box",29.99,"Large",34,9,0,29,NA
"Super Heroes Lab",29.99,"Large",30,16,3,23,NA
"Gamer's Market",29.99,"Small",218,64,9,133,NA
"Nature Glamping",29.99,"Small",241,72,2,110,NA
"Empire Dragon",29.99,"Small",286,80,3,118,NA
"Olivia's Cupcake Cafe",29.99,"Small",335,100,2,185,0.56
"Race Boat Transporter",29.99,"Small",238,124,2,123,0.56
"Wild River Escape",19.99,"Small",126,56,2,71,0.23
"Service & Care Truck",19.99,"Small",247,84,1,123,0.35
"War Machine Buster",34.99,"Small",362,64,4,122,NA
"El Fuego's Stunt Truck",39.99,"Small",428,156,4,198,NA
"Anakin's Jedi Starfighter",19.99,"Small",247,84,2,111,0.42
"The Golden Dragon",19.99,"Small",171,60,3,74,0.24
"Tatooine Battle Pack",14.99,"Small",97,36,4,53,NA
"Obi-Wan's Hut",29.99,"Small",200,68,4,118,NA
"Mythical Creatures",14.99,"Small",223,189,0,66,0.3
"Heart Box Friendship Pack",19.99,"Small",199,60,2,90,0.31
"RV Vacation",34.99,"Small",178,72,3,106,NA
"Mighty Micros: Thor vs. Loki",9.99,"Small",79,7,2,47,NA
"Duel on Starkiller Base",19.99,"Small",191,68,2,83,NA
"Stephanie's Bedroom",9.99,"Small",95,44,1,72,NA
"Race Plane",29.99,"Small",333,200,1,134,0.64
"Action Battle Endor Assault",29.99,"Small",193,64,2,108,NA
"Ski Speeder vs. First Order Walker Microfighters",19.99,"Small",216,92,2,94,NA
"Anakin's Podracer – 20th Anniversary Edition",29.99,"Small",279,84,3,110,NA
"Spinjitzu Jay",9.99,"Small",97,32,1,23,0.13
"Spinjitzu Cole",9.99,"Small",117,32,1,26,0.14
"Dilophosaurus on the Loose",19.99,"Small",168,60,3,88,NA
"Minecraft Steve BigFig with Parrot",14.99,"Small",159,40,0,74,0.17
"Luke Skywalker's Landspeeder",29.99,"Small",236,72,3,104,NA
"Jay - Spinjitzu Master",9.99,"Small",68,32,1,39,NA
"Spinjitzu Nya & Wu",19.99,"Small",227,56,2,49,0.23
"Aragog's Lair",14.99,"Small",157,56,2,82,0.16
"Anakin's Jedi Interceptor",29.99,"Small",248,68,2,100,NA
"A-Wing vs. TIE Silencer Microfighters",19.99,"Small",188,72,2,88,0.22
"Velociraptor: Biplane Rescue Mission",29.99,"Small",101,76,2,72,NA
"Forbidden Forest: Umbridge's Encounter",29.99,"Small",253,84,4,121,NA
"Spiderjet vs. Venom Mech",29.99,"Small",371,84,3,136,NA
"El Fuego's Stunt Plane",29.99,"Small",295,92,3,149,NA
"Newbury Subway",29.99,"Small",348,108,3,146,NA
"Emma's Fashion Shop",29.99,"Small",343,112,2,152,NA
"Panda Jungle Tree House",29.99,"Small",265,120,2,149,NA
"Formula E Panasonic Jaguar Racing GEN2 Car & Jaguar I-PACE eTROPHY",29.99,"Small",565,128,2,186,0.73
"Piranha Plant Power Slide",29.99,"Small",217,0,3,78,NA
"BASH!",19.99,"Small",139,127,0,46,0.3
"Bakery",34.99,"Large",46,20,2,33,NA
"Police Station",29.99,"Large",38,22,3,25,0.71
"Kai - Spinjitzu Master",9.99,"Small",61,32,1,33,NA
"First Order Specialists Battle Pack",14.99,"Small",108,36,3,48,NA
"X-wing Starfighter Trench Run",29.99,"Small",132,64,3,65,0.36
"Supernatural Race Car",29.99,"Small",244,80,3,115,NA
"Boomer Bill Barrage",29.99,"Small",132,0,2,70,NA
"Spinjitzu Kai",9.99,"Small",97,32,1,23,0.13
"Bricks on a Roll",NA,NA,442,99,0,153,NA
"Ariel's Underwater Concert",14.99,"Small",92,40,1,55,NA
"Emmet and Lucy's Visitors from the DUPLO Planet",29.99,"Small",53,25,2,37,0.8
"Ford Fiesta M-Sport WRC",14.99,"Small",203,60,1,88,0.24
"Off-Road Chase",6.99,"Small",37,20,2,28,NA
"Queen Watevra's Build Whatever Box!",39.99,"Small",455,262,0,112,0.84
"Turtles Rescue Mission",19.99,"Small",225,72,2,125,NA
"Parachute Arrest",39.99,"Small",218,120,4,139,0.48
"City Advent Calendar",29.99,"Small",234,3,8,161,0.39
"Pteranodon Chase",19.99,"Small",126,44,2,68,0.28
"Dolphins Rescue Mission",39.99,"Small",363,116,2,192,NA
"Spider-Man Bike Rescue",19.99,"Small",235,92,3,98,0.34
"People Pack - Fun Fair",39.99,"Small",183,64,14,138,0.28
"Elsa's Jewellery Box",39.99,"Small",300,96,1,89,NA
"Ninja Tuner Car",39.99,"Small",419,108,3,143,NA
"Mars Research Shuttle",39.99,"Small",273,160,2,135,0.61
"The Knight Bus",39.99,"Small",403,84,3,128,NA
"Fire Fang",39.99,"Small",463,88,4,175,NA
"My First Emotions",19.99,"Large",28,9,0,24,NA
"Batman: The Attack of the Talons",19.99,"Small",155,60,3,82,0.34
"Buzz & Woody's Carnival Mania!",49.99,"Small",230,52,5,106,NA
"Volcano Rock City Concert",39.99,"Small",387,120,3,175,NA
"Stephanie's Buggy & Trailer",19.99,"Small",166,48,1,97,0.29
"Road Repair Truck",9.99,"Small",73,32,1,50,0.15
"Heartlake City Supermarket",29.99,"Small",140,68,2,90,NA
"Katana V11",19.99,"Small",257,84,2,111,0.32
"Elastigirl's Rooftop Pursuit",19.99,"Small",95,64,2,77,NA
"Rescue Helicopter",39.99,"Small",325,181,0,81,0.45
"Belle's Story Time",14.99,"Small",87,44,2,66,NA
"Thanos",9.99,"Small",105,32,0,37,NA
"Spider-Man vs. Scorpion Street Showdown",19.99,"Small",125,64,2,82,0.34
"City Advent Calendar",29.99,"Small",313,4,6,194,0.43
"Friends Advent Calendar",29.99,"Small",500,4,0,202,NA
"Arctic Ice Crawler",24.99,"Small",200,92,1,80,0.34
"Burger Bar Fire Rescue",39.99,"Small",327,164,3,153,0.61
"My First Puzzle Pets",9.99,"Large",18,9,0,16,0.34
"1968 Ford Mustang Fastback",14.99,"Small",183,60,1,74,0.22
"Elite Praetorian Guard Battle Pack",14.99,"Small",109,40,4,52,0.12
"Wonder Woman vs. Cheetah",39.99,"Small",371,84,3,130,NA
"Jay's Storm Fighter",39.99,"Small",490,140,4,195,0.7
"Emily Jones & The Eagle Getaway",14.99,NA,149,60,2,87,NA
"Forest Tractor",19.99,"Small",174,64,1,77,0.38
"Mia's Horse Trailer",29.99,"Small",216,76,2,119,NA
"Andrea's Bedroom",9.99,"Small",85,44,1,60,NA
"Mountain Police Chase",19.99,"Small",115,64,2,85,0.33
"Daredevil Stunt Plane",19.99,"Small",200,120,1,86,NA
"Rocket Rally Car",19.99,"Small",241,148,0,104,0.44
"Dr. Fox Laboratory",29.99,"Small",359,132,4,163,0.52
"Police Helicopter Chase",39.99,"Small",212,128,4,127,0.52
"Stephanie's Obstacle Course",39.99,"Small",337,100,2,168,0.59
"Baking Competition",39.99,"Small",361,104,3,157,NA
"Golden Mech",39.99,"Small",489,108,4,172,NA
"Batman Batsub and the Underwater Clash",19.99,"Small",174,64,3,82,0.32
"Batmobile: Pursuit of The Joker",29.99,"Small",342,80,2,114,NA
"Friends Advent Calendar",29.99,"Small",330,2,3,158,NA
"Mojo Jojo Strikes",29.99,"Small",228,76,4,149,0.37
"Bricks and Gears",19.99,"Small",244,124,0,94,0.4
"The Skull Arena",19.99,"Small",198,68,2,68,0.42
"Mia's Bedroom",9.99,"Small",86,48,1,63,NA
"Han Solo's Landspeeder",29.99,"Small",345,96,2,126,0.42
"Chewbacca",9.99,"Small",149,40,0,52,NA
"Farmers' Market",19.99,"Large",26,9,3,18,NA
"Inferno Squad Battle Pack",14.99,"Small",118,40,4,52,0.12
"Spider-Man: Doc Ock Diamond Heist",29.99,"Small",150,96,3,98,0.53
"Batman: Brother Eye Takedown",29.99,"Small",269,76,3,103,0.46
"Mr. Freeze Batcycle Battle",19.99,"Small",200,68,3,97,0.3
"Outback Adventures",19.99,"Small",225,148,1,103,0.39
"Jedi and Clone Troopers Battle Pack",14.99,"Small",102,32,3,54,0.13
"Cinderella's Carriage Ride",NA,"Small",91,48,1,58,0.24
"Ferrari 488 GT3 Scuderia Corsa",14.99,"Small",179,56,1,78,0.22
"The Bat-Dune Buggy",19.99,"Small",198,64,2,92,NA
"Ambulance Helicopter",19.99,"Small",190,84,3,108,0.41
"LEGO Movie Maker",49.99,"Small",482,96,6,243,0.76
"Creative Tuning Shop",39.99,"Small",413,108,2,217,0.67
"Dorado Showdown",29.99,"Small",419,124,3,168,0.6
"Stormtrooper",9.99,"Small",124,32,0,51,NA
"Spinjitzu Lloyd vs. Garmadon",19.99,"Small",208,52,2,44,0.23
"The Justice League Anniversary Party",29.99,NA,267,72,4,110,NA
"Dozer Compactor",19.99,"Small",171,100,0,62,0.33
"Beauxbatons' Carriage: Arrival at Hogwarts",49.99,"Small",430,84,4,160,NA
"Star Wars Advent Calendar",39.99,"Small",307,4,7,186,NA
"My First Celebration",14.99,"Large",41,9,0,18,NA
"Rhino Face-Off by the Mine",19.99,"Small",229,88,3,100,NA
"Iron Man Hulkbuster versus A.I.M. Agent",39.99,"Small",456,80,4,143,NA
"Egghead Mech Food Fight",29.99,NA,293,84,3,131,NA
"Junkrat & Roadhog",49.99,"Small",380,92,2,168,NA
"Tiger Hot Air Balloon Jungle Rescue",39.99,"Small",302,116,2,145,NA
"Avengers Truck Take-down",39.99,"Small",477,116,4,164,NA
"Ocean Exploration Submarine",39.99,"Small",286,141,4,131,0.52
"Townhouse Toy Store",39.99,"Small",554,268,2,194,0.88
"Space Rover Explorer",39.99,"Small",510,276,1,206,NA
"Riverside Houseboat",39.99,"Small",396,200,2,157,0.67
"Iron Man MK50",9.99,"Small",101,32,0,41,NA
"Rebel A-wing Starfighter",14.99,"Small",62,36,2,44,0.18
"Rapunzel's Castle Bedroom",19.99,"Small",156,56,1,93,NA
"Zane's Ninja Boat Pursuit",19.99,"Small",131,64,2,78,NA
"Stephanie's Gymnastics Show",29.99,"Small",241,76,2,114,NA
"The Redstone Battle",39.99,"Small",504,88,4,133,NA
"Creative Fun",39.99,"Small",900,90,0,231,NA
"Catamaran",49.99,"Small",404,100,0,74,NA
"Spider Mech vs. Venom",49.99,"Small",604,104,4,203,0.78
"Pasaana Speeder Chase",39.99,"Small",373,116,4,177,NA
"Enchanted Tree House",49.99,"Small",302,120,3,174,NA
"Pop Village Celebration",49.99,"Small",380,120,5,205,NA
"Haunted Fairground",49.99,"Small",466,124,5,212,NA
"Shrimp Shack Attack",49.99,"Small",578,128,5,293,NA
"Newbury Abandoned Prison",39.99,"Small",400,132,4,164,NA
"Thwomp Drop",39.99,"Small",393,0,0,159,NA
"1967 Mini Cooper S Rally and 2018 MINI John Cooper Works Buggy",49.99,"Small",481,64,4,187,0.7
"Superman & Krypto Team-Up",19.99,"Small",199,76,2,110,NA
"Black Ace TIE Interceptor",49.99,"Small",396,84,3,161,NA
"Andrea's Pool Party",49.99,"Small",468,112,2,221,NA
"Garage Centre",49.99,"Small",234,116,4,62,0.62
"AT-ST Raider",49.99,"Small",540,120,4,211,NA
"Katana 4X4",49.99,"Small",450,128,5,185,NA
"Batwing and The Riddler Heist",49.99,"Small",489,132,4,212,NA
"Fairground Carousel",49.99,"Small",595,236,3,223,NA
"Stephanie's Soccer Practice",14.99,"Small",119,48,1,78,NA
"Emma's Art Stand",19.99,"Small",210,60,1,107,0.32
"Batman and The Joker Escape",39.99,"Small",171,72,4,119,NA
"The Hulkbuster Smash-Up",29.99,"Small",375,84,4,143,0.49
"Imperial Dropship – 20th Anniversary Edition",19.99,"Small",125,60,3,57,NA
"Raptor Rescue Truck",24.99,"Small",85,56,2,56,0.31
"Frozen Ice Castle",49.99,"Small",59,28,3,31,NA
"Throne Room Showdown",19.99,"Small",221,68,5,111,0.34
"Monster Burger Truck",49.99,"Small",499,248,2,183,NA
"WHACK!",19.99,"Small",135,123,0,41,0.3
"Service Station",49.99,"Small",354,193,4,179,0.7
"Anna & Olaf",14.99,"Small",201,56,0,78,NA
"Andrea's Park Performance",24.99,"Small",229,80,3,126,NA
"The Flash",9.99,"Small",122,40,0,47,NA
"Harry Potter Advent Calendar",39.99,"Small",305,3,8,151,NA
"Darth Maul",29.99,"Small",104,52,0,43,NA
"Olivia's Deluxe Bedroom",14.99,"Small",163,60,1,100,NA
"Cloud-Rider Swoop Bikes",29.99,"Small",355,92,3,148,0.37
"TIE Fighter Attack",19.99,"Small",77,40,2,50,0.26
"Brick-built Minions and their Lair",49.99,"Small",876,184,3,180,NA
"Escape Pod vs. Dewback Microfighters",19.99,"Small",177,64,3,79,0.2
"Destiny's Wing",19.99,"Small",181,76,2,100,0.33
"Mickey's Vacation House",49.99,"Small",57,28,3,37,0.99
"Fire Station",49.99,"Large",76,34,2,47,1.14
"Jay's Cyber Dragon",49.99,"Small",518,84,5,189,NA
"Hydro-Man Attack",39.99,"Small",471,96,4,170,NA
"Power Boat",14.99,"Small",174,98,0,56,0.26
"Thunder Raider",49.99,"Small",576,148,5,191,NA
"Police Helicopter Transport",49.99,"Small",317,156,4,161,0.72
"The Lighthouse of Darkness",49.99,"Small",540,156,5,240,NA
"D.Va & Reinhardt",39.99,"Small",455,108,2,161,0.59
"Pirate Ship",39.99,"Small",386,116,3,143,0.75
"Shimmer & Shine Sparkle Spa!",69.99,"Small",694,128,8,209,NA
"Modular Sweet Surprises",39.99,"Small",396,184,3,187,0.72
"The Joker Batcave Attack",24.99,"Small",151,76,3,94,0.41
"Olivia's Mission Vehicle",19.99,"Small",223,84,1,106,0.32
"Modular Winter Vacation",34.99,"Small",374,200,2,142,NA
"Belle's Tea Party",19.99,"Small",19,8,1,16,0.27
"Wyld-Mayhem Star Fighter",49.99,"Small",405,132,4,157,NA
"City Central Airport",49.99,"Small",376,144,5,170,0.91
"Spider-Man vs. Electro",19.99,"Small",29,10,2,22,0.41
"Star Wars Advent Calendar",39.99,"Small",280,2,9,177,NA
"Drifting Diner",29.99,"Small",345,92,2,182,0.54
"Gentle Giants Petting Zoo",19.99,"Small",24,13,1,19,0.37
"San Francisco",49.99,"Small",565,128,0,163,NA
"Ariel's Castle",24.99,"Small",115,56,1,74,0.31
"Paranormal Intercept Bus 3000",59.99,"Small",689,136,5,272,NA
"Porsche 919 Hybrid",14.99,"Small",163,60,1,75,NA
"Mickey's Boat",29.99,"Small",28,24,2,25,0.58
"Baryonyx Face-Off: The Treasure Hunt",59.99,"Small",434,96,4,211,NA
"Avengers Hulk Helicopter Rescue",59.99,"Small",482,100,4,187,NA
"Iron Man Hall of Armour",59.99,"Small",524,104,5,156,NA
"Hagrid's Hut: Buckbeak's Rescue",59.99,"Small",496,120,6,208,NA
"Lighthouse Rescue Centre",59.99,"Small",602,180,2,273,NA
"Twin-Rotor Helicopter",59.99,"Small",569,228,1,200,NA
"Action Battle Echo Base Defence",59.99,"Small",504,112,5,192,NA
"Heartlake City Restaurant",59.99,"Small",624,140,3,201,NA
"Lunar Space Station",59.99,"Small",412,172,5,171,0.9
"Andrea's Accessories Store",29.99,"Small",294,84,2,128,0.51
"Triceratops Rampage",59.99,"Small",447,112,4,200,NA
"Heartlake City Hospital",49.99,"Small",379,132,3,154,NA
"Thor's Weapon Quest",19.99,"Small",223,84,3,112,0.33
"Millennium Falcon Microfighter",9.99,"Small",92,44,1,48,0.11
"Darth Vader",9.99,"Small",104,40,0,41,NA
"Lance's Hover Jouster",19.99,NA,217,52,3,85,NA
"T. rex Tower",29.99,"Small",22,14,1,18,0.61
"Ahch-To Island Training",29.99,"Small",241,84,2,129,0.39
"Spider-Man's Spider Crawler",39.99,"Small",418,84,4,132,0.5
"Moloch's Landspeeder",39.99,"Small",464,144,2,163,0.65
"Underminer's Bank Heist",24.99,"Small",149,64,3,99,NA
"Friendship Box",49.99,"Small",563,172,0,198,0.98
"Paris",49.99,"Small",649,112,0,114,NA
"Emma's Deluxe Bedroom",14.99,"Small",183,68,1,105,NA
"Rapunzel's Travelling Caravan",39.99,"Small",323,108,2,171,0.54
"Belle's Castle Winter Celebration",49.99,"Small",238,108,6,146,NA
"Joker's Trike Chase",49.99,"Small",440,108,4,181,NA
"Stephanie's Lakeside House",34.99,"Small",215,112,3,142,NA
"Gallimimus and Pteranodon Breakout",49.99,"Small",391,112,3,170,NA
"Kai's Blade Cycle & Zane's Snowmobile",29.99,"Small",376,128,4,189,0.51
"Lamborghini Urus ST-X & Huracán Super Trofeo EVO",49.99,"Small",663,144,2,202,NA
"Beach House",49.99,"Small",444,160,2,216,NA
"Guarded Fortress",49.99,"Small",468,0,3,192,NA
"Deluxe Brick Box",49.99,"Large",85,28,0,58,NA
"Las Vegas",39.99,"Small",501,108,0,123,NA
"Stunt Show Truck & Bike",49.99,"Small",610,120,0,109,NA
"Chevrolet Corvette ZR1",49.99,"Small",579,233,0,105,0.79
"Stygimoloch Breakout",29.99,"Small",222,84,2,91,0.46
"Ocean's Bottom",29.99,"Small",579,57,2,218,NA
"Police Monster Truck Heist",59.99,"Small",362,200,5,198,0.85
"Death Star Escape",29.99,"Small",329,84,4,110,0.44
"Mia's Tree House",29.99,"Small",351,120,2,151,0.61
"Andrea's Talent Show",49.99,"Small",492,124,2,184,0.72
"Steam Train",59.99,"Large",59,48,2,38,1.5
"Boba Fett",59.99,"Small",625,116,0,172,NA
"Fire Plane",59.99,"Small",363,156,3,151,0.76
"Porsche 911 RSR and 911 Turbo 3.0",29.99,"Small",391,120,3,166,0.56
"Peter Venkman & Slimer",19.99,"Small",228,77,0,90,NA
"Harvester Transport",29.99,"Small",358,148,3,166,0.65
"Stormtrooper",59.99,"Small",647,124,0,155,NA
"Resistance Y-wing Starfighter",69.99,"Small",578,76,5,177,NA
"Stark Jet and the Drone Attack",69.99,"Small",504,96,4,176,NA
"Hogwarts Whomping Willow",69.99,"Small",753,148,6,253,1.1
"Major Vonreg's TIE Fighter",69.99,"Small",496,92,4,151,NA
"Fire Station",69.99,"Small",509,184,4,210,1.17
"Large Playground Brick Box",49.99,"Large",71,32,2,49,1.41
"Tokyo",59.99,"Small",547,96,0,146,NA
"D-O",69.99,"Small",519,72,1,149,NA
"Dubai",59.99,"Small",740,112,0,127,NA
"Emma's Art Studio",24.99,"Small",235,60,2,122,0.42
"The Flintstones",59.99,"Small",748,180,4,242,1.04
"Lex Luthor Mech Takedown",39.99,"Small",406,84,5,159,NA
"Pop-Up Party Bus",79.99,"Small",1024,172,4,294,1.39
"The Illager Raid",59.99,"Small",562,96,5,187,NA
"The Big Race Day",59.99,"Small",648,144,3,252,0.99
"Naida & The Water Turtle Ambush",19.99,NA,205,56,2,103,NA
"Avengers Wrath of Loki",59.99,"Small",223,124,5,137,NA
"Central Airport",59.99,"Small",286,169,6,168,0.82
"The Great Home Escape",29.99,"Small",178,76,4,123,NA
"Shanghai",59.99,"Small",597,160,0,144,0.66
"Tropical Island",59.99,"Large",73,40,3,44,NA
"Modular Playhouse",59.99,"Large",129,84,3,56,NA
"Iron Man",59.99,"Small",480,132,0,123,NA
"Phantom Fire Truck 3000",59.99,"Small",760,148,6,263,NA
"Central Perk",59.99,"Small",1070,156,7,366,1.35
"Dinosaur Fossils",59.99,"Small",910,169,2,201,NA
"Batman Mech vs. Poison Ivy Mech",39.99,"Small",375,92,4,173,0.55
"Mobile Stunt Show",49.99,"Small",581,224,2,212,NA
"The Melon Farm",14.99,"Small",69,44,3,47,NA
"Mia's House",69.99,"Small",715,192,3,274,1.12
"Hermione Granger",9.99,"Small",127,40,0,50,NA
"Newt's Case of Magical Creatures",49.99,NA,694,132,4,241,0.85
"Street Race of Snake Jaguar",29.99,"Small",308,112,2,130,0.44
"Snoke's Throne Room",69.99,"Small",492,104,4,166,0.82
"Hogwarts Express",79.99,"Small",801,124,6,261,1.37
"Elsa's Ice Palace",79.99,"Small",701,180,4,234,NA
"Arendelle Castle",79.99,"Small",521,192,3,231,NA
"Yoda's Hut",29.99,"Small",229,72,3,139,0.38
"Dirt Road Pursuit",39.99,"Small",297,116,3,140,0.6
"Emmet and Lucy's Escape Buggy!",49.99,"Small",550,124,4,199,0.78
"Cruising Adventures",59.99,"Small",597,216,3,246,1.19
"Royal Talon Fighter Attack",29.99,"Small",358,100,4,119,NA
"Pickup & Caravan",29.99,"Small",344,140,3,188,0.65
"Arctic Air Transport",39.99,"Small",277,112,2,113,0.59
"Bastion",49.99,"Small",602,116,0,168,0.77
"Aladdin's and Jasmine's Palace Adventures",29.99,"Small",193,76,2,114,0.38
"The Polar Igloo",29.99,"Small",278,84,2,95,0.56
"Watchpoint: Gibraltar",89.99,"Small",730,192,4,287,1.39
"Unikingdom Creative Brick Box",39.99,"Small",433,172,17,220,1.03
"Blue's Helicopter Pursuit",39.99,"Small",397,112,3,177,0.63
"Stephanie's Sports Arena",44.99,"Small",460,108,2,188,0.76
"Aaron's X-bow",49.99,NA,569,152,4,185,NA
"Ducati Panigale V4 R",69.99,"Small",646,128,0,128,NA
"Heavy Cargo Transport",29.99,"Small",310,128,2,161,0.59
"Heartlake City Airplane",69.99,"Small",574,164,0,238,NA
"4 Privet Drive",69.99,"Small",797,184,6,255,NA
"Friendship Bus",69.99,"Small",778,236,3,286,NA
"Caravan Family Holiday",69.99,"Small",766,276,3,328,1.37
"Twinfector",19.99,NA,191,44,3,73,NA
"People Pack - Outdoor Adventures",39.99,"Small",164,64,15,128,0.29
"Tactical Batman & Superman",19.99,"Small",209,69,0,72,NA
"Mining Heavy Driller",49.99,"Small",294,124,3,139,0.78
"International Space Station",69.99,"Small",864,128,0,186,NA
"Knights of Ren Transport Ship",69.99,"Small",595,136,3,182,NA
"The Crafting Box 3.0",69.99,"Small",564,180,4,128,NA
"The Nether Portal",39.99,"Small",470,112,3,146,0.7
"T. Rex Breakout",49.99,"Small",150,76,3,98,0.67
"Empire Temple of Madness",79.99,"Small",810,160,6,267,NA
"Lloyd's Titan Mech",79.99,"Small",876,164,6,230,NA
"Monastery of Spinjitzu",79.99,"Small",1070,188,8,359,1.52
"Mos Eisley Cantina",39.99,"Small",376,80,4,140,NA
"S.O.G. Headquarters",39.99,"Small",530,96,5,246,NA
"First Order AT-ST",39.99,"Small",370,80,4,157,NA
"Townhouse Pet Shop & Café",79.99,"Small",969,356,3,289,1.7
"Arctic Scout Truck",59.99,"Small",322,100,3,148,0.72
"Spider-Man & Hulk Adventures",29.99,"Large",38,20,3,29,0.54
"General Grievous' Combat Speeder",29.99,"Small",157,60,2,76,0.3
"Sunshine Surfer Van",34.99,"Small",379,184,2,160,0.6
"The Nether Fight",14.99,"Small",84,40,3,48,NA
"Racing Yacht",39.99,"Small",330,156,0,83,0.61
"Trafalgar Square",79.99,"Small",1197,192,0,205,NA
"The Ultra Dragon",84.99,"Small",951,160,6,262,1.22
"Ariel & Ursula",19.99,"Small",361,121,0,121,NA
"Darth Vader",39.99,"Small",168,56,0,61,NA
"Harley Quinn Cannonball Attack",49.99,NA,425,132,4,200,NA
"TRON: Legacy",34.99,"Small",230,68,3,73,NA
"Clone Scout Walker – 20th Anniversary Edition",29.99,"Small",250,80,5,109,NA
"General Grievous's Starfighter",79.99,"Small",487,96,0,139,NA
"Sith TIE Fighter",79.99,"Small",470,104,3,127,NA
"Venomosaurus Ambush",79.99,"Small",640,148,5,242,NA
"The Creeper Mine",79.99,"Small",834,164,4,206,NA
"Ocean Exploration Base",79.99,"Small",497,165,5,180,NA
"Jungle Rescue Base",79.99,"Small",648,176,3,251,NA
"Avengers Ultimate Quinjet",79.99,"Small",840,160,5,252,NA
"Avengers Compound Battle",99.99,"Small",699,168,7,292,NA
"Party Boat",79.99,"Small",640,184,3,270,NA
"Remote-Controlled Stunt Racer",99.99,"Small",324,72,0,78,0.79
"Rescue Mission Boat",89.99,"Small",908,216,4,376,NA
"Donut Shop Opening",89.99,"Small",790,320,10,368,1.4
"Great Wall of China",49.99,"Small",551,112,0,81,0.81
"Ariel's Royal Celebration Boat",49.99,"Small",380,108,2,156,0.65
"Mountain Arrest",59.99,"Small",303,136,4,168,0.76
"Modular Skate House",39.99,"Small",422,196,2,169,0.81
"Harry Potter & Hedwig",14.99,"Small",180,60,0,73,NA
"Farm Pony Stable",29.99,"Large",59,25,2,31,NA
"First Responder",49.99,"Small",513,212,0,106,0.86
"Air Base",89.99,"Small",529,260,6,270,1.22
"Berserker Bomber",29.99,NA,369,84,3,145,NA
"Emma's Art Café",32.99,"Small",378,112,2,166,0.6
"Emmet's Dream House/Rescue Rocket!",69.99,"Small",706,260,4,197,1.14
"Diamond Heist",59.99,"Small",400,160,4,191,0.8
"AT-AP Walker",59.99,"Small",689,140,4,214,0.98
"Pop-Up Book",69.99,"Small",859,164,5,211,NA
"Snowspeeder – 20th Anniversary Edition",39.99,"Small",309,116,4,159,NA
"Go Brick Me",29.99,"Small",708,84,0,160,NA
"Poe Dameron's X-wing Fighter",89.99,"Small",761,124,4,219,NA
"T. rex vs Dino-Mech Battle",89.99,"Small",716,176,4,254,NA
"Hogwarts Clock Tower",89.99,"Small",922,176,8,276,NA
"Mission to Mars",59.99,"Small",871,81,3,330,NA
"Avengers Tower Battle",89.99,"Small",685,136,7,250,NA
"Mobile Bat Base",89.99,"Small",743,140,6,275,NA
"Fiat 500",89.99,"Small",960,144,0,269,1.11
"Steamboat Willie",89.99,"Small",751,176,2,202,NA
"Yoda",99.99,"Small",1771,224,1,235,NA
"Castle of the Forsaken Emperor",99.99,"Small",1218,248,7,361,NA
"Deep Space Rocket and Launch Control",99.99,"Small",837,304,7,308,1.83
"Downtown Fire Brigade",99.99,"Small",943,414,7,400,1.84
"Thanos: Ultimate Battle",69.99,"Small",674,116,4,190,1.02
"Queen Watevra's ‘So-Not-Evil' Space Palace",99.99,"Small",997,212,5,275,NA
"Stormbringer",39.99,"Small",493,108,4,182,0.68
"Adventures with Mario",59.99,"Small",231,0,3,114,NA
"Azari & The Fire Lion Capture",29.99,NA,360,100,3,147,NA
"Ariel, Aurora, and Tiana's Royal Celebration",39.99,"Small",282,108,3,131,NA
"Oni Titan",49.99,"Small",522,96,4,183,0.76
"Boba Fett",29.99,"Small",144,48,0,67,NA
"Cole's Earth Driller",49.99,"Small",587,132,4,216,0.95
"World Animals",99.99,"Large",121,48,6,75,NA
"Statue of Liberty",119.99,"Small",1685,184,0,146,1.44
"Rapunzel's Tower",29.99,"Large",37,24,1,26,NA
"NASA Apollo 11 Lunar Lander",99.99,"Small",1087,124,2,193,NA
"Harley-Davidson Fat Boy",99.99,"Small",1023,156,0,300,NA
"Batcave Clayface Invasion",99.99,"Small",1038,168,6,333,NA
"The White House",99.99,"Small",1483,188,0,180,NA
"Dom's Dodge Charger",99.99,"Small",1077,236,0,172,NA
"Passenger Airplane",99.99,"Small",669,273,9,288,1.77
"Summer Fun Water Park",99.99,"Small",1001,316,4,394,NA
"Pirate Ship",99.99,"Small",1264,428,4,359,2.04
"Range Trooper",24.99,"Small",101,48,0,51,NA
"Sweet Mayhem's Systar Starship!",69.99,"Small",502,100,3,188,0.91
"Indominus rex vs. Ankylosaurus",99.99,"Small",537,112,5,216,NA
"Crocodile Locomotive",99.99,"Small",1271,132,2,212,1.54
"Hogwarts Astronomy Tower",99.99,"Small",971,172,8,310,NA
"Hogwarts Great Hall",99.99,"Small",878,184,10,284,1.66
"Gingerbread House",99.99,"Small",1477,196,2,321,1.45
"Rex's Rexplorer!",119.99,"Small",1187,208,2,299,1.66
"Mobile Crane",99.99,"Small",1292,272,0,144,NA
"Mystery Castle",99.99,"Small",1035,296,5,335,NA
"Police Station",99.99,"Small",743,345,7,298,1.85
"Tuning Workshop",99.99,"Small",897,389,7,411,1.63
"Ghost Train Express",79.99,"Small",698,136,6,268,NA
"Defense of Crait",84.99,"Small",746,144,4,289,NA
"Imperial AT-Hauler",99.99,"Small",829,148,5,206,1.4
"Arctic Supply Plane",79.99,"Small",707,132,4,239,1.21
"Ninja Nightcrawler",39.99,"Small",552,124,3,205,0.77
"T. Rex Transport",69.99,"Small",609,156,3,174,1.13
"Empire State Building",129.99,"Small",1767,140,0,128,NA
"Imperial Conveyex Transport",89.99,"Small",622,120,4,187,1.01
"Land Bounty",129.99,"Small",1178,252,9,400,NA
"Heartlake City Amusement Pier",129.99,"Small",1251,316,7,433,NA
"Axl's Rolling Arsenal",59.99,NA,604,124,4,191,NA
"Speed Force Freeze Pursuit",29.99,"Small",271,80,4,138,0.46
"Avengers Helicarrier",119.99,"Small",1244,220,8,355,NA
"Andy Warhol's Marilyn Monroe",119.99,"Small",3341,0,0,27,NA
"Slave I - 20th Anniversary Edition",119.99,"Small",1007,164,6,293,NA
"The Beatles",119.99,"Small",2933,0,0,35,NA
"Star Wars The Sith",119.99,"Small",3406,0,0,32,NA
"Firstbourne",69.99,"Small",882,172,6,337,1.29
"Corvus Glaive Thresher Attack",39.99,"Small",416,124,5,168,NA
"Heavy Duty Forklift",69.99,"Small",592,232,0,109,1.25
"Porsche 911 RSR",149.99,"Small",1580,296,0,178,2.25
"Cargo Train",119.99,"Large",105,64,3,68,2.86
"Hovercraft",89.99,"Small",1020,349,0,139,NA
"App-Controlled Top Gear Rally Car",129.99,"Small",463,120,0,93,NA
"Kylo Ren's Shuttle",129.99,"Small",1005,184,6,271,NA
"Darth Vader's Castle",129.99,"Small",1060,188,5,285,NA
"Ferrari Ultimate Garage",99.99,"Small",841,200,7,309,1.25
"Newbury Haunted High School",129.99,"Small",1474,308,8,482,NA
"The Razor Crest",129.99,"Small",1023,0,2,277,NA
"Porg",69.99,"Small",811,144,0,189,0.91
"Tracked Loader",79.99,"Small",827,140,0,128,1.13
"Passenger Train",159.99,"Small",677,230,4,165,2.05
"Rocket Assembly &Transport",149.99,"Small",1055,340,8,364,2.38
"Carnotaurus Gyrosphere Escape",79.99,"Small",577,140,3,226,1.19
"Tech Wizard Showdown",39.99,NA,506,116,3,197,NA
"Sleeping Beauty's Fairytale Castle",39.99,"Small",322,84,3,171,NA
"App-Controlled Batmobile",99.99,"Small",321,108,1,114,0.82
"The Skeleton Attack",39.99,"Small",457,100,3,136,NA
"Mia's Camper Van",54.99,"Small",488,116,2,222,0.91
"Mountain Police Headquarters",89.99,"Small",663,272,7,324,1.73
"Aira & the Song of the Wind Dragon",39.99,NA,451,48,3,200,NA
"Droid Gunship",49.99,"Small",389,84,3,150,0.65
"Ford Mustang",149.99,"Small",1471,212,0,358,NA
"Ocean Exploration Ship",149.99,"Small",745,229,8,314,2.28
"The Bat-Space Shuttle",79.99,"Small",643,124,6,239,NA
"Ship in a Bottle",69.99,"Small",962,156,0,124,NA
"Arctic Mobile Exploration Base",119.99,"Small",786,236,6,255,1.56
"Forest Harvester",149.99,"Small",1003,388,0,157,1.69
"Cinderella's Dream Castle",69.99,"Small",585,132,2,218,1.14
"Millennium Falcon",159.99,"Small",1353,268,7,352,NA
"Killow vs. Samurai X",49.99,"Small",556,128,3,220,NA
"Heartlake City Pet Centre",59.99,"Small",474,108,3,234,0.99
"Rally Car",109.99,"Small",1005,364,0,152,1.7
"The Bedrock Adventures",89.99,"Small",644,108,4,168,1.27
"Emily & Noctura's Showdown",49.99,NA,650,144,4,246,NA
"X-wing Starfighter",79.99,"Small",730,120,4,224,1.06
"Compact Crawler Crane",99.99,"Small",920,344,0,102,NA
"Pirate Roller Coaster",89.99,"Small",923,324,5,277,1.94
"Imperial Landing Craft",89.99,"Small",636,108,5,191,1.17
"The Elvenstar Tree Bat Attack",79.99,NA,883,220,5,372,NA
"Volvo Concept Wheel Loader ZEUX",139.99,"Small",1167,504,0,143,2.42
"Land Rover Defender",199.99,"Small",2573,496,0,262,NA
"Car Transporter",179.99,"Small",2493,961,0,190,NA
"Bookshop",179.99,"Small",2504,216,5,561,2.95
"Cargo Train",229.99,"Small",1227,362,6,410,3.03
"Friendship House",69.99,"Small",722,164,3,309,1.14
"Vestas Wind Turbine",199.99,"Small",826,148,3,230,2.16
"The Hulkbuster: Ultron Edition",119.99,"Small",1363,184,1,268,NA
"Dragon Pit",129.99,"Small",1660,244,9,424,2.65
"Sanctum Sanctorum Showdown",99.99,"Small",1004,220,5,312,1.59
"Droid Commander",199.99,"Small",1177,25,0,343,NA
"The Farm Cottage",49.99,"Small",549,116,3,157,NA
"The Upside Down",199.99,"Small",2287,300,8,533,NA
"Noctura's Tower & the Earth Fox Rescue",59.99,NA,646,44,4,227,NA
"Corner Garage",199.99,"Small",2569,236,6,564,3.04
"Tantive IV",199.99,"Small",1768,260,6,387,NA
"A-wing Starfighter",199.99,"Small",1673,272,1,355,NA
"Pirates of Barracuda Bay",199.99,"Small",2545,460,10,575,4.43
"Imperial TIE Fighter",69.99,"Small",519,76,4,129,0.89
"Indoraptor Rampage at Lockwood Estate",129.99,"Small",1019,176,6,257,1.89
"City Hospital",99.99,"Small",861,329,13,362,1.67
"Dieselnaut",109.99,"Small",1179,156,7,308,1.75
"Sandcrawler",139.99,"Small",1239,188,6,277,1.77
"4x4 X-Treme Off-Roader",249.99,"Small",958,224,0,131,NA
"The Rexcelsior!",149.99,"Small",1826,276,4,377,NA
"Heartlake City Resort",99.99,"Small",1017,208,4,326,1.95
"AT-AT",159.99,"Small",1267,188,0,285,NA
"Mining Experts Site",99.99,"Small",883,244,6,284,1.89
"Capital City",149.99,"Small",1211,441,13,489,2.42
"6x6 Volvo Articulated Hauler",249.99,"Small",2193,456,0,234,NA
"Downtown Diner",169.99,"Small",2480,200,6,508,NA
"Kessel Run Millennium Falcon",169.99,"Small",1414,208,7,318,2.57
"Temple of Resurrection",69.99,"Small",765,144,8,297,NA
"Rough Terrain Crane",299.99,"Small",4057,1527,0,262,6.1
"Old Trafford - Manchester United",299.99,"Small",3898,368,0,332,NA
"Farm Adventures",59.99,"Large",104,40,3,42,NA
"Mack Anthem",179.99,"Small",2595,897,0,253,3.46
"Bugatti Chiron",349.99,"Small",3599,633,0,306,5.92
"Roller Coaster",379.99,"Small",4124,440,11,556,5.8
"Voltron",179.99,"Small",2321,92,0,471,NA
"Hogwarts Castle",399.99,"Small",6020,636,28,624,NA
"NINJAGO City Docks",229.99,"Small",3553,380,14,690,4.61
"Liebherr R 9800",449.99,"Small",4108,740,0,221,NA
"Betrayal at Cloud City",349.99,"Small",2812,388,19,676,NA
"Imperial Star Destroyer",699.99,"Small",4784,444,2,445,NA
"Battle of Endor",14.99,"Small",197,1,0,40,NA
"Fish Free Builds - Make It Yours",NA,NA,39,2,0,22,NA
"Build Your Own Birds - Make it Yours",NA,NA,26,2,0,15,0.01
"Mini Frame",4.99,"Small",85,2,0,13,NA
"Ninjago Board Game",NA,NA,49,2,0,28,NA
"Plants From Plants",4.99,NA,29,2,0,5,0.06
"Plants from Plants",NA,NA,29,2,0,5,NA
"Shark Skin",NA,NA,NA,2,0,NA,NA
"Splash Koi Skin",NA,NA,33,2,0,NA,NA
"Ink Koi Skin",NA,NA,NA,2,0,NA,NA
"Creative Picture Frames",19.99,"Small",398,2,0,31,NA
"Farm - Girl",3.49,"Large",4,3,0,NA,NA
"My First Duck",NA,NA,6,3,0,6,NA
"Town Rescue - Bird",NA,NA,NA,3,0,NA,NA
"My First Giraffe",NA,NA,5,3,0,4,NA
"Birthday Cake",NA,NA,9,3,0,8,NA
"Traffic Light Patrol",NA,NA,30,3,1,24,NA
"Emmet's 'Piece' Offering",NA,NA,44,3,1,18,NA
"Monkie Kid's Delivery Bike",4.99,"Small",22,3,1,18,NA
"Hot Dog Stand",NA,NA,43,3,1,34,NA
"Road Worker",3.99,"Small",58,3,1,33,0.04
"Dragster",3.99,NA,40,3,1,30,0.04
"Police Water Plane",3.99,"Small",48,3,1,36,0.04
"Arctic Ice Saw",3.99,"Small",43,3,1,34,0.04
"Fire ATV",3.99,NA,39,3,1,26,0.04
"Sky Police Jetpack",NA,NA,33,3,2,27,0.03
"Race Boat",NA,NA,34,3,1,29,0.03
"Popcorn Cart",NA,NA,43,3,1,26,0.04
"Space Satellite",3.99,"Small",36,3,1,24,0.03
"Police Car",NA,NA,37,3,1,23,0.03
"Police Helicopter",NA,NA,39,3,1,31,NA
"Fire Rescue Water Scooter",NA,NA,33,3,1,26,0.04
"Beach Buggy",4.99,"Small",45,3,1,29,0.04
"Imperial TIE Fighter",NA,NA,42,3,0,20,NA
"Baby Velociraptor Playpen",3.99,"Small",48,3,0,25,NA
"Naboo Starfighter",NA,NA,48,3,0,33,NA
"Snowspeeder",NA,NA,49,3,0,25,NA
"Poe Dameron's X-wing Fighter",NA,NA,72,3,0,27,NA
"Steve and Creeper Set",NA,NA,36,3,2,30,NA
"The Skeleton Defense",NA,NA,NA,3,2,24,NA
"Olivia's Remote Control Boat",3.99,"Small",25,3,1,23,NA
"Friendship Flower",NA,"Small",100,3,0,22,NA
"Stephanie's Hockey Practice",NA,NA,35,3,1,27,NA
"Unikitty Roller Coaster Wagon",3.99,"Small",46,3,1,28,NA
"Harry's Journey to Hogwarts",NA,NA,40,3,1,22,NA
"Tulips",NA,NA,90,3,0,28,NA
"Emma's Bumper Cars",NA,NA,66,3,1,34,NA
"Mia's Water Fun",3.99,NA,28,3,1,24,NA
"Chocolate Box & Flower",4.99,"Small",75,3,0,32,NA
"Park Picnic",NA,NA,NA,3,1,29,NA
"Royal Talon Fighter",3.99,"Small",59,3,0,25,NA
"Spider-Man's Mini Spider Crawler",NA,NA,73,3,1,21,NA
"Iron Man and Dum-E",NA,NA,38,3,1,28,NA
"Captain Marvel and Nick Fury",NA,NA,32,3,2,28,NA
"Rex's Plantimal Ambush",3.99,"Small",32,3,1,23,NA
"Podracer",NA,NA,58,3,0,24,NA
"Chef Enzo's Haunted Hotdogs",NA,NA,NA,3,1,25,NA
"El Fuego's Stunt Cannon",NA,NA,NA,3,1,28,NA
"Imperial AT-Hauler",NA,NA,49,3,0,23,NA
"The Guardians' Ship",3.99,"Small",69,3,0,36,NA
"The Mini Ultimate Batmobile",NA,NA,84,3,0,39,NA
"Lucy vs. Alien Invader",NA,NA,44,3,1,25,NA
"Mini Master-Building MetalBeard",NA,NA,42,3,1,30,NA
"Mini Master-Building Emmet",NA,NA,49,3,1,33,NA
"WU-CRU Target Training",NA,NA,46,3,2,26,NA
"Sons of Garmadon",NA,NA,33,3,1,24,NA
"Turbo",NA,NA,61,3,1,32,NA
"Sam-X",NA,NA,56,3,0,23,NA
"Ninja Workout",NA,NA,31,3,1,23,NA
"Fire Flight",NA,NA,54,3,1,30,NA
"Combo Charger",NA,NA,NA,3,0,35,NA
"Merchant Avatar Jay",NA,NA,NA,3,1,29,NA
"Yellow Flyer",NA,NA,43,3,0,29,NA
"Christmas Train",NA,NA,66,3,0,29,0.04
"Dragon Hunter",NA,NA,61,3,1,35,NA
"Build Your Own Vehicles - Make it Yours",NA,NA,NA,3,0,24,NA
"Easter Bunny",4.99,NA,67,3,0,33,0.04
"Ariel's Underwater Symphony",NA,NA,51,3,1,33,0.03
"Elsa's Winter Throne",NA,NA,42,3,1,29,NA
"Cinderella Mini Castle",NA,NA,NA,3,1,32,NA
"Poppy's Carriage",4.99,"Small",51,3,1,30,NA
"Pelican",NA,NA,62,3,0,33,0.04
"Race Car",NA,NA,68,3,0,31,NA
"Santa",NA,NA,67,3,0,35,0.04
"Cat",NA,NA,55,3,0,21,0.03
"Train",NA,NA,NA,3,0,36,NA
"Edna Mode",NA,NA,4,3,1,4,NA
"Star-Stuck Emmet",NA,NA,41,3,1,29,NA
"Walrus",NA,NA,55,3,0,21,NA
"Car and petrol pump",NA,NA,44,3,0,28,NA
"Lamb",NA,NA,45,3,0,27,NA
"Frog",NA,NA,43,3,0,18,NA
"Tractor",NA,NA,38,3,0,25,NA
"Surfer Dragon",NA,NA,43,3,0,27,NA
"BBQ",NA,NA,37,3,0,22,NA
"Snail",NA,NA,37,3,0,19,NA
"Glider",NA,NA,29,3,0,24,NA
"Scarecrow",NA,NA,24,3,0,15,NA
"Ice Dragon",NA,NA,50,3,0,17,NA
"Sleigh",NA,NA,64,3,0,36,NA
"BB-8",4.99,NA,48,3,0,17,NA
"DJ",4.99,"Small",22,3,1,15,NA
"Kessel Mine Worker",NA,NA,22,3,1,16,NA
"Han Solo Mudtrooper",NA,NA,22,3,1,15,NA
"Bat Shooter",NA,NA,40,3,0,17,NA
"Become my City Hero",NA,NA,85,3,1,46,NA
"Traffic Lights",3.99,"Small",46,3,0,17,0.03
"Streetlamps",3.99,"Small",34,3,0,24,0.03
"Jet Fighter",NA,NA,23,3,0,16,NA
"Caterpillar",NA,NA,48,3,0,8,NA
"Viking Ship",NA,NA,54,3,0,20,NA
"Ladybird",NA,NA,27,3,0,13,NA
"Crane",NA,NA,64,3,0,21,NA
"Frog",NA,NA,39,3,0,23,NA
"Ice Cream Truck",NA,NA,NA,3,0,19,NA
"Racing Car",NA,NA,50,3,0,30,NA
"Eagle",NA,NA,56,3,0,33,NA
"UFO",NA,NA,36,3,0,19,NA
"Wolf",NA,NA,47,3,0,13,NA
"Penguin",NA,NA,47,3,0,24,NA
"Ninjago Minifigure Pack",12.99,"Small",59,3,4,33,NA
"Spider-Man and the Museum Break-In",14.99,"Small",49,3,3,33,NA
"Summer Celebration Minifigure Pack",12.99,"Small",45,3,4,35,0.07
"Xmas Accessories",NA,NA,32,3,1,23,0.03
"Police MF Accessory Set",12.99,"Small",42,3,4,33,0.08
"Fairground Accessory Set",12.99,"Small",51,3,4,35,0.08
"Sports Accessories",3.99,"Small",36,3,0,20,0.02
"Botanical Accessories",3.99,"Small",32,3,0,17,0.02
"Chinese Dragon",2.99,NA,67,3,0,23,NA
"Valentine Panda",NA,NA,53,3,0,23,NA
"Koi Fish",NA,NA,33,3,0,24,NA
"Easter Bunny",NA,NA,43,3,0,24,NA
"Flowers and Watering Can",NA,NA,47,3,0,25,NA
"Falcon & Black Widow Team-Up",14.99,"Small",60,3,3,34,NA
"Mini Boost Droid Commander",NA,NA,62,3,3,35,NA
"Spinjitzu Burst - Cole",9.99,"Small",48,3,1,31,NA
"Spinjitzu Burst - Kai",9.99,NA,48,3,1,31,NA
"Spinjitzu Burst Lloyd",9.99,"Small",48,3,1,30,NA
"Kylo Ren's Shuttle",NA,NA,33,4,0,15,0.03
"Robot/Vehicle free builds",NA,NA,56,4,0,30,NA
"Mars Exploration Minifigure Pack",NA,NA,44,4,4,36,0.07
"Reindeer",3.49,NA,77,4,0,26,0.04
"Flower Display",5.99,NA,100,5,0,27,NA
"Golden Zane Accessory Set",12.99,"Small",73,5,4,31,NA
"Stephanie's Play Cube - Beauty Salon",9.99,"Small",44,5,1,35,NA
"Andrea's Jungle Play Cube",9.99,"Small",47,5,1,43,NA
"Stephanie's Jungle Play Cube",9.99,"Small",41,5,1,38,NA
"Olivia's Jungle Play Cube",9.99,"Small",51,5,0,42,NA
"Mia's Jungle Play Cube",9.99,"Small",43,5,0,36,NA
"Emma's Jungle Play Cube",NA,NA,50,5,0,40,NA
"Obi-Wan Kenobi - Collectable Minifigure",3.99,"Small",12,6,1,10,NA
"My First Dinosaur",3.49,"Large",7,7,0,6,NA
"Fun Creations",NA,"Large",70,9,0,52,NA
"Hogwarts Students Accessory Set",14.99,"Small",53,9,4,33,NA
"My First Balancing Animals",14.99,"Large",15,9,0,14,NA
"Bulldozer",9.99,"Large",10,12,1,10,NA
"Creative Fun",39.99,"Large",120,13,1,70,NA
"Rainbow Unikitty",NA,"Small",15,15,1,NA,NA
"Truck & Tracked Excavator",19.99,"Large",20,16,2,19,NA
"Video Game Champ",NA,"Small",8,17,1,NA,NA
"Mister Miracle",4.99,"Small",9,19,1,NA,NA
"Pińata Boy",4.99,"Small",8,19,1,NA,NA
"Batcave",29.99,"Small",33,20,3,25,NA
"Ariel's Undersea Castle",29.99,"Small",35,20,1,27,NA
"Creative Animals",59.99,"Large",175,20,0,89,NA
"Elephant Girl",NA,"Small",7,20,1,NA,NA
"Vintage Mickey",NA,"Small",7,20,1,NA,NA
"Harry Potter",4.99,"Small",8,20,1,NA,NA
"Friends are Family Harley Quinn",NA,"Small",8,22,1,NA,NA
"Awesome Remix Emmet",NA,"Small",7,23,1,NA,NA
"Name Sign",NA,NA,91,24,0,30,NA
"Mini-Doll Dress-Up Kit",NA,"Small",80,24,0,48,NA
"Harry Potter",NA,"Small",8,24,1,NA,NA
"Cute Pug",3.99,"Small",68,28,0,32,NA
"Dr. Fox Magnifying Machine",NA,"Small",76,28,0,39,NA
"Wrecking Ball Demolition",59.99,"Large",56,32,3,41,NA
"Thanksgiving Turkey",9.99,"Small",114,32,0,48,0.14
"Castle Interior Kit",NA,NA,115,32,0,62,NA
"Birthday Set",12.99,NA,141,32,1,43,0.18
"Emmet",NA,NA,113,32,0,43,NA
"Benny",NA,NA,103,32,0,46,NA
"Lightning McQueen's Race Day",29.99,"Small",42,36,0,32,NA
"Year of the Pig",9.99,NA,153,36,0,48,0.17
"Year of the Dog",9.99,NA,156,36,0,61,0.17
"Easter Bunny",NA,"Small",126,36,0,56,NA
"Easter Egg",12.99,NA,239,36,0,56,NA
"Donald Duck",9.99,"Small",90,36,0,42,NA
"Wyldstyle",NA,NA,134,36,0,48,NA
"Emma's Pet Party",9.99,"Small",67,36,1,50,NA
"Wedding Favour Set 2018",9.99,NA,132,40,2,61,NA
"Valentine's Bee",NA,"Small",140,40,0,59,NA
"Sweet Mayhem",NA,NA,137,40,0,60,NA
"Wonder Woman",9.99,"Small",143,40,0,54,NA
"Easter Chick",9.99,"Small",120,44,0,50,0.14
"Halloween Ghost",NA,NA,136,44,0,54,0.16
"Olaf's Traveling Sleigh",12.99,"Small",97,44,1,52,NA
"Valentine's Bear",9.99,"Small",150,44,0,65,0.15
"Hot Rod",12.99,NA,142,44,2,66,0.15
"Lucky Cat",9.99,"Small",134,44,0,71,0.14
"Mickey Mouse",NA,"Small",109,45,0,51,NA
"Minnie Mouse",NA,"Small",129,45,0,59,NA
"Halloween Witch",NA,NA,151,48,0,61,0.16
"Christmas Carousel",14.99,NA,251,48,0,73,NA
"Newbury Juice Bar",12.99,NA,127,48,2,60,0.16
"LEGOLAND Driving School",NA,NA,209,48,0,90,0.22
"Birthday Clown",9.99,"Small",150,48,0,77,0.16
"Valentine's Puppy",9.99,"Small",147,48,0,60,0.16
"Dragon Dance Guy",9.99,"Small",170,48,0,72,0.16
"Bean There, Donut That",NA,NA,146,48,4,86,NA
"LEGO Store Picture Frame",14.99,NA,170,48,0,63,0.31
"Lady Liberty",9.99,"Small",153,48,0,43,NA
"Easter Sheep",9.99,"Small",192,48,0,57,0.16
"Wedding Bride",12.99,"Small",306,48,0,101,NA
"Wedding Groom",12.99,"Small",255,48,0,107,NA
"Photo Frame",NA,NA,171,48,0,75,NA
"Millennium Falcon Cockpit",NA,NA,203,48,2,74,NA
"Pencil Pot",NA,NA,187,49,1,79,0.28
"Fun Future",9.99,"Small",186,49,1,95,NA
"Space Rocket Ride",12.99,NA,154,52,1,76,0.18
"LEGO® Trains 40th Anniversary Set",19.99,NA,188,52,1,73,0.33
"LEGO Trophy",12.99,NA,200,52,0,60,0.23
"Drag Racer",12.99,NA,134,52,2,61,NA
"Tower Crane & Construction",129.99,"Large",123,56,5,72,NA
"Creative Personalities",19.99,NA,307,56,2,91,0.4
"Avengers Tower",19.99,NA,211,56,1,74,NA
"Thanksgiving Scarecrow",NA,NA,177,56,0,69,0.17
"Year of the Rat",9.99,NA,162,56,0,58,0.16
"Boba Fett",NA,"Small",161,56,0,75,NA
"Lucy's Builder Box!",29.99,"Small",141,56,2,71,NA
"Aquaman and Storm",NA,NA,197,56,1,85,NA
"Ant-Man and the Wasp",NA,NA,218,56,1,76,NA
"Emmet's Builder Box!",29.99,"Small",125,56,1,76,NA
"Billund Airport",NA,NA,286,60,0,68,NA
"LEGOLAND Castle",NA,NA,220,60,1,62,NA
"Steve & Creeper",NA,"Small",160,61,0,64,NA
"Mr. Incredible & Frozone",NA,"Small",160,61,0,59,NA
"LEGO Ludo Game",NA,NA,389,64,8,114,0.75
"Groot & Rocket",NA,"Small",189,64,0,79,NA
"Luke Skywalker & Yoda",NA,"Small",215,64,0,81,NA
"Homer Simpson & Krusty the Clown",NA,"Small",215,64,0,89,NA
"Quantum Realm Explorers",19.99,"Small",200,64,3,100,NA
"Newt Scamander & Gellert Grindelwald",NA,"Small",247,68,0,75,NA
"Moana's Island Home",29.99,"Small",202,68,1,121,NA
"People Pack - Space Research and Development",39.99,"Small",209,68,15,146,0.15
"Wu's Battle Dragon",19.99,"Small",321,68,2,109,NA
"Iron Man Armory",29.99,"Small",258,68,3,110,NA
"Bricks Bricks Bricks",59.99,"Small",1500,69,0,327,NA
"Marty McFly & Doc Brown",19.99,"Small",240,69,0,73,NA
"Diagon Alley",19.99,"Small",374,72,1,116,NA
"LEGOLAND Fire Academy",NA,NA,221,72,0,90,NA
"Jack Skellington & Sally",NA,"Small",193,72,0,65,NA
"Black Manta Strike",NA,"Small",235,72,3,105,NA
"Captain Marvel and the Asis",NA,NA,271,72,2,116,NA
"Koi",NA,NA,293,72,0,NA,NA
"Dilophosaurus Outpost Attack",39.99,"Small",289,72,3,124,NA
"Ron Weasley & Albus Dumbledore",19.99,"Small",245,73,0,82,NA
"Battle of Hoth - 20th Anniversary Edition",14.99,"Small",195,76,0,77,NA
"Goofy & Pluto",14.99,"Small",214,76,0,94,NA
"Mulan's Training Grounds",29.99,"Small",157,76,1,94,NA
"Darth Vader Bust",NA,NA,327,76,0,95,NA
"Funny Octopus Ride",39.99,"Small",324,76,2,145,NA
"Kylo Ren & Sith Trooper",19.99,"Small",240,76,0,72,NA
"Owen & Blue",19.99,"Small",234,77,0,82,NA
"Christmas Tree",19.99,NA,392,80,0,80,0.39
"Black Widow's Helicopter Chase",29.99,"Small",271,80,3,125,NA
"Venom Crawler",29.99,"Small",413,80,3,132,NA
"Sith Trooper Bust",NA,NA,484,80,0,96,NA
"Dragon Dance",NA,NA,622,80,5,109,NA
"Armored Assault Tank (AAT)",39.99,"Small",286,80,3,121,NA
"Captain Marvel and The Skrull Attack",29.99,"Small",307,80,3,126,NA
"Mr. & Mrs. Claus",19.99,"Small",341,84,0,109,0.3
"Christmas Gift Box",19.99,NA,301,84,2,98,0.31
"LEGO Brand Store",24.99,NA,362,84,2,128,0.51
"Death Star II Battle",14.99,"Small",235,84,0,72,NA
"1989 Batmobile",29.99,NA,366,84,0,122,NA
"Elite Police Driller Chase",NA,NA,179,84,2,87,0.37
"501st Legion Clone Troopers",29.99,"Small",285,84,3,125,NA
"The Dark Knight of Gotham City",NA,NA,427,84,1,107,NA
"Hoth Medical Chamber",29.99,"Small",255,84,4,120,NA
"Sandspeeder",29.99,"Small",278,84,2,110,NA
"Princess Leia Organa",NA,"Small",124,88,0,48,NA
"MetalBeard's Heavy Metal Motor Trike!",NA,"Small",461,88,2,188,NA
"Bricks and Eyes",29.99,"Small",451,88,0,171,NA
"60 Years of the LEGO Brick",24.99,NA,421,92,0,145,NA
"Elite Police Boat Transport",NA,NA,166,92,0,107,0.38
"Stephanie's House",39.99,"Small",170,92,3,116,NA
"Emmet's Triple-Decker Couch Mech",29.99,"Small",312,92,3,98,NA
"Journey to the Skull Dungeons",29.99,"Small",401,92,4,164,NA
"Bespin Duel",39.99,"Small",295,96,0,121,NA
"White Dragon Horse Bike",34.99,"Small",259,96,3,134,NA
"Reindeer, Elf and Elfie",19.99,"Small",281,97,0,116,0.28
"Heartlake City Airplane Tour",NA,"Small",323,100,1,176,NA
"Elite Police Lighthouse Capture",NA,NA,189,100,2,108,0.38
"Storm Fighter Battle",29.99,"Small",165,100,3,96,NA
"Bricks and Animals",59.99,"Small",1500,101,0,339,NA
"Burj Khalifa",NA,NA,333,108,0,NA,NA
"Spinning Brushes Car Wash",29.99,"Small",325,108,2,174,NA
"Air Race",39.99,"Small",140,108,3,84,NA
"Bricks and Lights",29.99,"Small",441,109,0,173,NA
"Creative Fun 12-in-1",19.99,NA,240,112,0,113,0.33
"Quidditch Match",39.99,"Small",500,112,6,205,NA
"Dragon Boat Race",NA,NA,643,116,15,221,NA
"Unikingdom Fairground Fun",NA,"Small",515,124,6,254,NA
"Iron Bull Tank",49.99,"Small",430,124,3,160,NA
"Lion Dance",79.99,NA,882,124,8,174,NA
"Chinese New Year's Eve Dinner",NA,NA,615,128,6,167,NA
"Rainbow Caterbus",39.99,"Small",395,132,5,170,NA
"Kai Fighter",39.99,"Small",513,132,0,174,NA
"Jurassic Park Velociraptor Chase",39.99,"Small",360,132,4,195,NA
"Winter Village Fire Station",99.99,"Small",1166,136,8,323,1.37
"Fire Stone Mech",69.99,"Small",968,136,5,260,NA
"Mini Gingerbread House",19.99,NA,499,140,0,94,0.32
"Death Star Final Duel",99.99,"Small",775,140,4,241,NA
"Resistance I-TS Transport",99.99,"Small",932,140,0,215,NA
"Bricks Bricks Plates",69.99,"Small",1504,144,0,332,NA
"Resistance Bomber (Finch Dallow version)",NA,"Small",780,144,5,252,1.42
"TIE Fighter Pilot",59.99,"Small",724,148,0,155,NA
"Hedwig",39.99,"Small",630,148,1,166,NA
"Tree House Treasures",29.99,"Small",260,152,2,119,NA
"Mountain River Heist",NA,"Small",387,156,4,210,NA
"Monkie Kid's Cloud Jet",59.99,"Small",390,168,4,199,NA
"Zane's Mino Creature",49.99,"Small",616,172,4,202,NA
"James Bond Aston Martin DB5",149.99,"Small",1295,173,0,310,NA
"Attack on The Burrow",99.99,"Small",1047,180,8,383,NA
"LEGO House Dinosaurs",NA,NA,864,188,0,230,NA
"Police Brick Box",39.99,"Small",301,188,4,162,1
"Outback Cabin",29.99,"Small",305,196,2,141,0.54
"Demon Bull King",89.99,"Small",585,200,3,264,NA
"Skull Sorcerer's Dragon",79.99,"Small",1016,200,6,303,NA
"Vibe City Concert",59.99,"Small",494,204,0,216,NA
"Alpaca Mountain Jungle Rescue",59.99,"Small",512,208,2,270,NA
"Pigsy's Food Truck",69.99,"Small",455,212,4,299,NA
"Concrete Mixer Truck",119.99,"Small",1163,216,0,127,NA
"Heartlake City Brick Box",39.99,"Small",321,220,2,121,NA
"Y-wing Starfighter",199.99,"Small",1967,220,2,359,NA
"Mickey Mouse and Minnie Mouse",179.99,"Small",1739,236,0,420,NA
"Red Son's Inferno Truck",119.99,"Small",1111,244,5,350,NA
"LEGOLAND",NA,NA,1336,256,11,500,NA
"Skull Sorcerer's Dungeons",99.99,"Small",1171,256,8,425,NA
"Monkey King Warrior Mech",149.99,"Small",975,272,6,435,NA
"Haunted House",249.99,"Small",3231,312,8,467,NA
"Destiny's Bounty",129.99,"Small",1781,316,7,479,NA
"Chinese New Year Temple Fair",119.99,NA,1664,320,14,409,NA
"Ski Resort",89.99,"Small",806,328,11,348,1.5
"Disney Train and Station",329.99,"Small",2925,397,5,509,4.12
"1989 Batmobile",249.99,"Small",3306,404,3,484,NA
"Tree House",199.99,"Small",3036,428,4,482,3.8
"Welcome to Apocalypseburg!",299.99,"Small",3178,452,13,692,NA
"Jurassic Park: T. rex Rampage",249.99,"Small",3120,464,6,525,NA
"Monkie Kid's Team Secret HQ",169.99,"Small",1105,556,7,622,NA
"Grand Piano",349.99,"Small",3662,564,0,345,NA
"Lamborghini Sián FKP 37",379.99,"Small",3696,657,0,293,NA
"Elf Club House",NA,NA,1197,0,0,NA,NA
"NINJAGO Build Your Own Adventure parts",NA,NA,NA,0,1,NA,NA
"Animal Atlas parts",NA,NA,60,0,0,36,NA
"Parts for Star Wars: Build Your Own Adventure Galactic Missions",NA,NA,66,0,1,34,NA
"Parts for Harry Potter: Build Your Own Adventure",NA,NA,101,0,1,NA,NA
"Parts for Wooden Minifigure",NA,NA,29,0,0,21,NA
"Las Vegas",NA,NA,487,0,0,NA,NA
"Lamborghini Huracán Super Trofeo EVO",4.99,"Small",70,0,0,32,NA
"Diver",NA,NA,22,0,1,20,0.03
"Super Mushroom Surprise",4.99,NA,18,0,0,15,NA
"Harry Potter and Hedwig: Owl Delivery",NA,NA,31,0,1,19,NA
"Build a Duck",1.99,NA,10,0,0,6,NA
"Christmas Tree",4.99,NA,70,0,0,27,NA
"Lex Luthor",NA,NA,4,0,1,4,NA
"Green Lantern Jessica Cruz",NA,NA,4,0,1,4,NA
"SHAZAM!",NA,NA,5,0,1,5,NA
"Marvel Studios Iron Man",119.99,"Small",3167,0,0,35,NA
"Vehicle Set",NA,NA,79,0,0,43,0.08
"Numbers",5.99,NA,11,0,0,10,NA
"Food Accessories",3.99,"Small",30,0,0,16,0.02
"Botanical Accessories",3.99,"Small",24,0,0,11,0.02
"Bicycles",3.99,"Small",21,0,0,13,0.01
"Geoffrey",NA,NA,NA,0,0,NA,NA
"MSC Cruises",NA,NA,181,0,0,59,NA
"Sea Accessories",3.99,"Small",24,0,0,22,0.03
"LEGO House Exclusive Minifigure 2019",NA,NA,7,0,1,7,NA
"BYGGLEK",NA,NA,201,0,0,NA,NA
"Monkey King",9.99,"Small",175,0,0,56,NA
"Batman",19.99,"Small",115,0,0,54,NA
"First Order Stormtrooper",19.99,"Small",151,0,0,55,NA
"LEGO House Chef",NA,NA,NA,0,0,6,NA
"Bird in a tree",NA,NA,NA,0,0,22,NA
"Dog and Cat Friendship Day",NA,NA,NA,0,0,30,NA
"Youth Day Kids",NA,NA,NA,0,0,36,NA
"Literacy Day Unicorn",NA,NA,NA,0,0,NA,NA
"Teachers' Day",NA,NA,NA,0,0,NA,NA
"Hagrid & Buckbeak",19.99,"Small",270,0,0,89,NA
"Monty Mole & Super Mushroom",NA,NA,163,0,2,83,NA
"Frankenstein",9.99,"Small",108,0,0,NA,NA
"Halloween Hayride",12.99,NA,148,0,0,77,NA
"Winter Snowball Fight",12.99,NA,149,0,0,78,NA
"The Joker",19.99,"Small",170,0,0,71,NA
"Ninjago World",NA,NA,440,0,4,138,NA
"BB-8",19.99,"Small",171,0,0,68,NA
"Rebuild the World minifigure",NA,NA,NA,0,0,6,NA
"Extra Dots - Levi Jeans Confetti Bag",NA,NA,110,0,0,NA,NA
"Build your own Monkey King",NA,NA,24,0,0,18,NA
"The Wooden Duck",NA,NA,621,0,0,163,NA
"Andrea's Summer Play Cube",NA,NA,43,0,0,39,NA
"Stephanie's Summer Play Cube",NA,NA,47,0,0,37,NA
"Olivia's Summer Play Cube",NA,NA,48,0,0,39,NA
"Mia's Summer Play Cube",NA,NA,50,0,0,40,NA
"Emma's Summer Play Cube",NA,NA,NA,0,0,45,NA
"Friends Advent Calendar",29.99,"Small",236,0,0,163,NA
"Mermaid Vibes Bracelets",NA,NA,NA,0,0,NA,NA
"Ice Cream Besties Bracelets",NA,NA,NA,0,0,NA,NA
"Adventure Bracelets",NA,NA,NA,0,0,NA,NA
"Bell-Boeing V-22 Osprey",NA,NA,1636,0,0,167,NA
"Coding Express",198.95,"Small",234,0,6,109,NA
"Tubes",139.95,"Small",150,0,0,49,NA
"Letters",NA,NA,130,0,0,33,NA
"My XL World",239.95,"Small",480,0,0,109,NA
"Animals",NA,NA,NA,0,0,59,NA
"People",NA,NA,NA,0,0,44,NA
"Large Hub",NA,NA,NA,0,0,1,NA
"Large Angular Motor",NA,NA,NA,0,0,1,NA
"Medium Angular Motor",NA,NA,NA,0,0,1,NA
"Distance Sensor",NA,NA,NA,0,0,1,NA
"Colour Sensor",NA,NA,NA,0,0,1,NA
"Force Sensor",NA,NA,NA,0,0,1,NA
"Large hub battery",NA,NA,1,0,0,1,NA
"Expansion Set",99.95,"Small",603,0,0,103,NA
"FIRST LEGO League (FLL) Challenge 2018 - Into Orbit",NA,NA,NA,0,2,338,NA
"Mission Moon",NA,NA,693,0,0,203,NA
"Challenge Set 2020",NA,NA,NA,0,0,229,NA
"Explore Set",NA,NA,NA,0,0,216,NA
"Discover Set",NA,NA,NA,0,0,23,NA
"Robot Inventor",NA,NA,949,0,0,NA,NA
"City Advent Calendar",29.99,"Small",342,0,0,183,NA
"Main Square",199.99,"Small",1517,0,0,510,NA
"Paragoomba",4.99,"Small",23,0,0,NA,NA
"Nintendo Entertainment System",229.99,"Small",2646,0,1,516,NA
"King Boo and the Haunted Yard",49.99,"Small",431,0,3,144,NA
"Star Wars Advent Calendar",39.99,"Small",311,0,0,185,NA
"Mos Eisley Cantina",349.99,"Small",3187,0,0,NA,NA
"The Child",NA,NA,NA,0,0,NA,NA
"Minions in Gru's Lab",NA,NA,87,0,0,NA,NA
"Minion Pilot in Training",NA,NA,119,0,0,NA,NA
"Minions Kung Fu Battle",NA,NA,310,0,0,NA,NA
"Diagon Alley",399.99,"Small",5544,0,14,1067,NA
"Harry Potter Advent Calendar",39.99,"Small",335,0,0,196,NA
"Omnic Bastion",NA,NA,182,0,0,78,NA
"Wonder Woman",39.99,"Small",255,0,0,NA,NA
"Sandy's Speedboat",59.99,"Small",394,0,4,188,NA
"Monkie Kid's Cloud Roadster",69.99,"Small",659,0,0,227,NA
"The Flaming Foundry",139.99,"Small",1427,0,0,425,NA
"Headlight Set",9.99,"Small",1,0,0,NA,0.01
"Boost Hub",79.99,"Small",1,0,0,1,NA
"Distance Sensor",13.99,"Small",1,0,0,1,NA
"Motor",16.99,"Small",1,0,0,1,0.05
"Hub",49.99,"Small",1,0,0,1,NA
"Remote Control",22.99,"Small",1,0,0,1,NA
"Train motor",13.99,"Small",7,0,0,3,NA
"Technic Hub",89.99,"Small",1,0,0,1,NA
"Technic Large Motor",39.99,"Small",1,0,0,1,NA
"Technic XL Motor",39.99,"Small",1,0,0,1,NA
"FIRST LEGO League Jr. promotional set",NA,NA,NA,0,0,9,NA
"Spike Prime Marketing Kit",NA,NA,150,0,0,32,NA
"LEGO Ferguson Tractor",NA,NA,NA,0,0,NA,NA
"LEGO House Tree of Creativity",NA,NA,837,0,1,132,NA
"House",NA,NA,64,0,0,NA,NA
"Windmill",NA,NA,45,0,0,NA,NA
"Truck",NA,NA,44,0,0,NA,NA
"Exclusive T. rex",NA,NA,70,0,0,24,NA
"LEGO System House",NA,NA,NA,0,0,NA,NA
"LEGO Play Day polybag",NA,NA,39,0,0,22,NA
"Employee Christmas Gift",NA,NA,1099,0,0,NA,NA
"Christmas X-wing",NA,NA,1038,0,3,NA,NA
"Rainbow Bracelet",4.99,"Small",33,0,0,9,NA
"Rapunzel's Tower",59.99,"Small",369,0,0,185,NA
"Aurora's Forest Cottage",39.99,"Small",300,0,0,163,NA
"SPIKE Prime Set",329.95,"Small",528,0,2,108,NA
"Mario's House & Yoshi",29.99,"Small",205,0,2,114,NA
"Toad's Treasure Hunt",69.99,"Small",464,0,4,195,NA
"Bowser's Castle Boss Battle",99.99,"Small",1010,0,0,346,NA
"Propeller Mario Power-Up Pack",9.99,"Small",13,0,0,11,NA
